{"cameraMode":{"drawMode":0,"name":"Shaded","section":"Shading Mode"},"sceneLighting":true,"audioPlay":false,"sceneViewState":{"m_AlwaysRefresh":false,"showFog":true,"showSkybox":true,"showFlares":true,"showImageEffects":true,"showParticleSystems":true,"showVisualEffectGraphs":true,"m_FxEnabled":true},"in2DMode":false,"pivot":{"x":25.910715103149415,"y":17.449867248535158,"z":23.601736068725587},"rotation":{"x":0.15223348140716554,"y":-0.8456192016601563,"z":0.3269955813884735,"w":0.3935631811618805},"size":1.5855045318603516,"orthographic":false}